{
	"format_version": "1.8.0",
	"animations": {
		"animation.sigilcharge1": {
			"animation_length": 1.75,
			"bones": {
				"head": {
					"rotation": {
						"0.0": [0, 0, 0],
						"0.0417": [0.40625, 0, 0],
						"0.0833": [1.11118, 0, 0],
						"0.5417": [11.29583, 0, 0],
						"0.6667": [13.88882, 0, 0],
						"0.7083": [14.59375, 0, 0],
						"0.75": [15, 0, 0],
						"1.25": [15, 0, 0],
						"1.2917": [14.45393, 0, 0],
						"1.3333": [13.36541, 0, 0],
						"1.375": [12.03852, 0, 0],
						"1.5833": [4.41684, 0, 0],
						"1.625": [2.96148, 0, 0],
						"1.6667": [1.63459, 0, 0],
						"1.7083": [0.54607, 0, 0],
						"1.75": [0, 0, 0]
					}
				},
				"rightArm": {
					"rotation": {
						"0.0": [0, 0, 0],
						"0.0417": [-2.32421, -1.08349, -0.49879],
						"0.0833": [-6.95715, -3.24325, -1.49304],
						"0.125": [-12.60471, -5.876, -2.70504],
						"0.1667": [-18.79903, -8.76364, -4.03437],
						"0.2083": [-25.29288, -11.79091, -5.42799],
						"0.2917": [-38.55032, -17.97119, -8.27311],
						"0.3333": [-45.04417, -20.99846, -9.66673],
						"0.375": [-51.23849, -23.8861, -10.99606],
						"0.4167": [-56.88605, -26.51885, -12.20806],
						"0.4583": [-61.51899, -28.67861, -13.20231],
						"0.5": [-63.8432, -29.7621, -13.7011],
						"1.0417": [-63.8432, -29.7621, -13.7011],
						"1.25": [-63.8432, -29.7621, -13.7011],
						"1.2917": [-61.51899, -28.67861, -13.20231],
						"1.3333": [-56.88605, -26.51885, -12.20806],
						"1.375": [-51.23849, -23.8861, -10.99606],
						"1.4167": [-45.04417, -20.99846, -9.66673],
						"1.4583": [-38.55032, -17.97119, -8.27311],
						"1.5417": [-25.29288, -11.79091, -5.42799],
						"1.5833": [-18.79903, -8.76364, -4.03437],
						"1.625": [-12.60471, -5.876, -2.70504],
						"1.6667": [-6.95715, -3.24325, -1.49304],
						"1.7083": [-2.32421, -1.08349, -0.49879],
						"1.75": [0, 0, 0]
					}
				},
				"leftArm": {
					"rotation": {
						"0.0": [0, 0, 0],
						"0.0417": [-2.32421, 1.08349, 0.49879],
						"0.0833": [-6.95714, 3.24326, 1.49305],
						"0.125": [-12.60469, 5.87602, 2.70506],
						"0.1667": [-18.799, 8.76367, 4.0344],
						"0.2083": [-25.29284, 11.79095, 5.42803],
						"0.2917": [-38.55026, 17.97125, 8.27317],
						"0.3333": [-45.0441, 20.99853, 9.6668],
						"0.375": [-51.23841, 23.88618, 10.99614],
						"0.4167": [-56.88596, 26.51894, 12.20815],
						"0.4583": [-61.51889, 28.67871, 13.20241],
						"0.5": [-63.8431, 29.7622, 13.7012],
						"1.0417": [-63.8431, 29.7622, 13.7012],
						"1.25": [-63.8431, 29.7622, 13.7012],
						"1.2917": [-61.51889, 28.67871, 13.20241],
						"1.3333": [-56.88596, 26.51894, 12.20815],
						"1.375": [-51.23841, 23.88618, 10.99614],
						"1.4167": [-45.0441, 20.99853, 9.6668],
						"1.4583": [-38.55026, 17.97125, 8.27317],
						"1.5417": [-25.29284, 11.79095, 5.42803],
						"1.5833": [-18.799, 8.76367, 4.0344],
						"1.625": [-12.60469, 5.87602, 2.70506],
						"1.6667": [-6.95714, 3.24326, 1.49305],
						"1.7083": [-2.32421, 1.08349, 0.49879],
						"1.75": [0, 0, 0]
					}
				}
			}
		},
		"animation.sigilflame": {
			"animation_length": 1.75,
			"bones": {
				"body": {
					"position": {
						"0.375": [0, 0, 0],
						"1.0": [0, -6, -2]
					}
				},
				"head": {
					"rotation": {
						"0.0": [0, 0, 0],
						"0.0417": [0.41512, 0, 0],
						"0.0833": [1.31008, 0, 0],
						"0.125": [2.43973, 0, 0],
						"0.2917": [7.55931, 0, 0],
						"0.3333": [8.68909, 0, 0],
						"0.375": [9.58431, 0, 0],
						"0.4167": [10, 0, 0],
						"0.4583": [10.32565, 0, 0],
						"0.5": [10.93827, 0, 0],
						"0.8333": [17.54099, 0, 0],
						"0.9167": [19.06228, 0, 0],
						"0.9583": [19.67476, 0, 0],
						"1.0": [20, 0, 0],
						"1.5": [20, 0, 0],
						"1.5417": [18.80202, 0, 0],
						"1.5833": [15.23128, 0, 0],
						"1.6667": [4.76872, 0, 0],
						"1.7083": [1.19798, 0, 0],
						"1.75": [0, 0, 0]
					},
					"position": {
						"0.4167": [0, 0, 0],
						"0.4583": [0, -0.19539, -0.13026],
						"0.5": [0, -0.56296, -0.37531],
						"0.5417": [0, -1.00044, -0.66696],
						"0.5833": [0, -1.4758, -0.98386],
						"0.625": [0, -1.97344, -1.31563],
						"0.7917": [0, -4.02696, -2.68464],
						"0.8333": [0, -4.52459, -3.0164],
						"0.875": [0, -4.99993, -3.33328],
						"0.9167": [0, -5.43737, -3.62491],
						"0.9583": [0, -5.80486, -3.8699],
						"1.0": [0, -6, -4],
						"1.5": [0, -6, -4],
						"1.5417": [0, -5.64061, -3.7604],
						"1.5833": [0, -4.56938, -3.04626],
						"1.6667": [0, -1.43062, -0.95374],
						"1.7083": [0, -0.35939, -0.2396],
						"1.75": [0, 0, 0]
					}
				},
				"torso": {
					"rotation": {
						"0.4167": [0, 0, 0],
						"1.0": [15, 0, 0],
						"1.5": [15, 0, 0],
						"1.75": [0, 0, 0]
					},
					"position": {
						"0.4167": [0, 0, 0],
						"1.0": [0, -6, -4],
						"1.5": [0, -6, -4],
						"1.75": [0, 0, 0]
					}
				},
				"rightArm": {
					"rotation": {
						"0.0": [0, 0, 0],
						"0.0417": [-4.14015, -1.36381, -0.48708],
						"0.0833": [-14.17819, -4.67046, -1.66802],
						"0.125": [-27.57318, -9.08293, -3.2439],
						"0.2083": [-57.43838, -18.92088, -6.75746],
						"0.25": [-70.83142, -23.3327, -8.33311],
						"0.2917": [-80.8659, -26.63818, -9.51364],
						"0.3333": [-85, -28, -10],
						"0.375": [-84.11389, -28.35444, -10.14769],
						"0.4167": [-82.51991, -28.99204, -10.41335],
						"0.4583": [-80.65605, -29.73758, -10.72399],
						"0.7917": [-63.45501, -36.618, -13.59083],
						"0.875": [-59.34551, -38.2618, -14.27575],
						"0.9167": [-57.4815, -39.0074, -14.58642],
						"0.9583": [-55.88721, -39.64512, -14.85213],
						"1.0": [-55, -40, -15],
						"1.5": [-55, -40, -15],
						"1.5417": [-51.70555, -37.60404, -14.10151],
						"1.5833": [-41.88603, -30.46257, -11.42346],
						"1.6667": [-13.11397, -9.53743, -3.57654],
						"1.7083": [-3.29445, -2.39596, -0.89849],
						"1.75": [0, 0, 0]
					},
					"position": {
						"0.3333": [0, 0, 0],
						"0.375": [0, -0.17722, -0.20676],
						"0.4167": [0, -0.49602, -0.57869],
						"0.4583": [0, -0.86879, -1.01359],
						"0.5": [0, -1.27084, -1.48265],
						"0.5417": [0, -1.69066, -1.97244],
						"0.75": [0, -3.87803, -4.52437],
						"0.7917": [0, -4.309, -5.02717],
						"0.8333": [0, -4.72883, -5.51696],
						"0.875": [0, -5.1309, -5.98605],
						"0.9167": [0, -5.5037, -6.42098],
						"0.9583": [0, -5.82256, -6.79298],
						"1.0": [0, -6, -7],
						"1.5": [0, -6, -7],
						"1.5417": [0, -5.64061, -6.58071],
						"1.5833": [0, -4.56938, -5.33095],
						"1.6667": [0, -1.43062, -1.66905],
						"1.7083": [0, -0.35939, -0.41929],
						"1.75": [0, 0, 0]
					}
				},
				"leftArm": {
					"rotation": {
						"0.0": [0, 0, 0],
						"0.0417": [-4.14015, 1.36381, 0.48708],
						"0.0833": [-14.17819, 4.67046, 1.66802],
						"0.125": [-27.57318, 9.08293, 3.2439],
						"0.2083": [-57.43838, 18.92088, 6.75746],
						"0.25": [-70.83142, 23.3327, 8.33311],
						"0.2917": [-80.8659, 26.63818, 9.51364],
						"0.3333": [-85, 28, 10],
						"0.375": [-84.11389, 28.35444, 10.14769],
						"0.4167": [-82.51991, 28.99204, 10.41335],
						"0.4583": [-80.65605, 29.73758, 10.72399],
						"0.7917": [-63.45501, 36.618, 13.59083],
						"0.875": [-59.34551, 38.2618, 14.27575],
						"0.9167": [-57.4815, 39.0074, 14.58642],
						"0.9583": [-55.88721, 39.64512, 14.85213],
						"1.0": [-55, 40, 15],
						"1.5": [-55, 40, 15],
						"1.5417": [-51.70555, 37.60404, 14.10151],
						"1.5833": [-41.88603, 30.46257, 11.42346],
						"1.6667": [-13.11397, 9.53743, 3.57654],
						"1.7083": [-3.29445, 2.39596, 0.89849],
						"1.75": [0, 0, 0]
					},
					"position": {
						"0.3333": [0, 0, 0],
						"0.375": [0, -0.17722, -0.20676],
						"0.4167": [0, -0.49602, -0.57869],
						"0.4583": [0, -0.86879, -1.01359],
						"0.5": [0, -1.27084, -1.48265],
						"0.5417": [0, -1.69066, -1.97244],
						"0.75": [0, -3.87803, -4.52437],
						"0.7917": [0, -4.309, -5.02717],
						"0.8333": [0, -4.72883, -5.51696],