{
	"format_version": "1.8.0",
	"animations": {
		"animation.sigilcharge": {
			"animation_length": 1.75,
			"bones": {
				"Head": {
					"rotation": {
						"0.0": [0, 0, 0],
						"0.0417": [0.40625, 0, 0],
						"0.0833": [1.11118, 0, 0],
						"0.5417": [11.29583, 0, 0],
						"0.6667": [13.88882, 0, 0],
						"0.7083": [14.59375, 0, 0],
						"0.75": [15, 0, 0],
						"1.25": [15, 0, 0],
						"1.2917": [14.45393, 0, 0],
						"1.3333": [13.36541, 0, 0],
						"1.375": [12.03852, 0, 0],
						"1.5833": [4.41684, 0, 0],
						"1.625": [2.96148, 0, 0],
						"1.6667": [1.63459, 0, 0],
						"1.7083": [0.54607, 0, 0],
						"1.75": [0, 0, 0]
					}
				},
				"rightArm": {
					"rotation": {
						"0.0": [0, 0, 0],
						"0.0417": [-2.32421, -1.08349, -0.49879],
						"0.0833": [-6.95715, -3.24325, -1.49304],
						"0.125": [-12.60471, -5.876, -2.70504],
						"0.1667": [-18.79903, -8.76364, -4.03437],
						"0.2083": [-25.29288, -11.79091, -5.42799],
						"0.2917": [-38.55032, -17.97119, -8.27311],
						"0.3333": [-45.04417, -20.99846, -9.66673],
						"0.375": [-51.23849, -23.8861, -10.99606],
						"0.4167": [-56.88605, -26.51885, -12.20806],
						"0.4583": [-61.51899, -28.67861, -13.20231],
						"0.5": [-63.8432, -29.7621, -13.7011],
						"1.0417": [-63.8432, -29.7621, -13.7011],
						"1.25": [-63.8432, -29.7621, -13.7011],
						"1.2917": [-61.51899, -28.67861, -13.20231],
						"1.3333": [-56.88605, -26.51885, -12.20806],
						"1.375": [-51.23849, -23.8861, -10.99606],
						"1.4167": [-45.04417, -20.99846, -9.66673],
						"1.4583": [-38.55032, -17.97119, -8.27311],
						"1.5417": [-25.29288, -11.79091, -5.42799],
						"1.5833": [-18.79903, -8.76364, -4.03437],
						"1.625": [-12.60471, -5.876, -2.70504],
						"1.6667": [-6.95715, -3.24325, -1.49304],
						"1.7083": [-2.32421, -1.08349, -0.49879],
						"1.75": [0, 0, 0]
					}
				},
				"leftArm": {
					"rotation": {
						"0.0": [0, 0, 0],
						"0.0417": [-2.32421, 1.08349, 0.49879],
						"0.0833": [-6.95714, 3.24326, 1.49305],
						"0.125": [-12.60469, 5.87602, 2.70506],
						"0.1667": [-18.799, 8.76367, 4.0344],
						"0.2083": [-25.29284, 11.79095, 5.42803],
						"0.2917": [-38.55026, 17.97125, 8.27317],
						"0.3333": [-45.0441, 20.99853, 9.6668],
						"0.375": [-51.23841, 23.88618, 10.99614],
						"0.4167": [-56.88596, 26.51894, 12.20815],
						"0.4583": [-61.51889, 28.67871, 13.20241],
						"0.5": [-63.8431, 29.7622, 13.7012],
						"1.0417": [-63.8431, 29.7622, 13.7012],
						"1.25": [-63.8431, 29.7622, 13.7012],
						"1.2917": [-61.51889, 28.67871, 13.20241],
						"1.3333": [-56.88596, 26.51894, 12.20815],
						"1.375": [-51.23841, 23.88618, 10.99614],
						"1.4167": [-45.0441, 20.99853, 9.6668],
						"1.4583": [-38.55026, 17.97125, 8.27317],
						"1.5417": [-25.29284, 11.79095, 5.42803],
						"1.5833": [-18.799, 8.76367, 4.0344],
						"1.625": [-12.60469, 5.87602, 2.70506],
						"1.6667": [-6.95714, 3.24326, 1.49305],
						"1.7083": [-2.32421, 1.08349, 0.49879],
						"1.75": [0, 0, 0]
					}
				}
			}
		}
	}
}